Date&Time,Passenger_Load,People_Entered,People_Exited,Time
2024-01-01 00:00:00,48,14,40,00:00:00
2024-01-01 00:01:00,38,40,25,00:01:00
2024-01-01 00:02:00,24,41,27,00:02:00
2024-01-01 00:03:00,17,22,1,00:03:00
2024-01-01 00:04:00,30,11,49,00:04:00
2024-01-01 00:05:00,48,23,5,00:05:00
2024-01-01 00:06:00,28,1,8,00:06:00
2024-01-01 00:07:00,32,46,32,00:07:00
2024-01-01 00:08:00,20,37,40,00:08:00
2024-01-01 00:09:00,20,21,24,00:09:00
2024-01-01 00:10:00,33,26,47,00:10:00
2024-01-01 00:11:00,45,46,12,00:11:00
2024-01-01 00:12:00,49,36,8,00:12:00
2024-01-01 00:13:00,33,23,12,00:13:00
2024-01-01 00:14:00,12,1,30,00:14:00
2024-01-01 00:15:00,31,40,40,00:15:00
2024-01-01 00:16:00,11,15,10,00:16:00
2024-01-01 00:17:00,33,21,3,00:17:00
2024-01-01 00:18:00,39,47,33,00:18:00
2024-01-01 00:19:00,47,9,37,00:19:00
2024-01-01 00:20:00,11,9,45,00:20:00
2024-01-01 00:21:00,30,10,3,00:21:00
2024-01-01 00:22:00,42,26,37,00:22:00
2024-01-01 00:23:00,21,41,18,00:23:00
2024-01-01 00:24:00,31,35,5,00:24:00
2024-01-01 00:25:00,34,25,33,00:25:00
2024-01-01 00:26:00,36,26,17,00:26:00
2024-01-01 00:27:00,37,11,12,00:27:00
2024-01-01 00:28:00,25,38,40,00:28:00
2024-01-01 00:29:00,24,2,22,00:29:00
2024-01-01 00:30:00,12,7,18,00:30:00
2024-01-01 00:31:00,46,18,44,00:31:00
2024-01-01 00:32:00,16,27,10,00:32:00
2024-01-01 00:33:00,30,34,0,00:33:00
2024-01-01 00:34:00,18,27,23,00:34:00
2024-01-01 00:35:00,48,17,6,00:35:00
2024-01-01 00:36:00,27,43,24,00:36:00
2024-01-01 00:37:00,13,44,20,00:37:00
2024-01-01 00:38:00,34,24,14,00:38:00
2024-01-01 00:39:00,23,25,0,00:39:00
2024-01-01 00:40:00,18,7,11,00:40:00
2024-01-01 00:41:00,35,6,6,00:41:00
2024-01-01 00:42:00,11,24,14,00:42:00
2024-01-01 00:43:00,29,33,20,00:43:00
2024-01-01 00:44:00,37,49,18,00:44:00
2024-01-01 00:45:00,16,29,28,00:45:00
2024-01-01 00:46:00,17,43,24,00:46:00
2024-01-01 00:47:00,44,22,32,00:47:00
2024-01-01 00:48:00,23,26,48,00:48:00
2024-01-01 00:49:00,26,28,31,00:49:00
2024-01-01 00:50:00,45,21,48,00:50:00
2024-01-01 00:51:00,49,49,34,00:51:00
2024-01-01 00:52:00,13,7,43,00:52:00
2024-01-01 00:53:00,11,17,37,00:53:00
2024-01-01 00:54:00,15,20,25,00:54:00
2024-01-01 00:55:00,13,41,10,00:55:00
2024-01-01 00:56:00,38,49,34,00:56:00
2024-01-01 00:57:00,27,20,7,00:57:00
2024-01-01 00:58:00,35,22,45,00:58:00
2024-01-01 00:59:00,43,28,13,00:59:00
2024-01-01 01:00:00,19,40,9,01:00:00
2024-01-01 01:01:00,45,49,1,01:01:00
2024-01-01 01:02:00,23,7,45,01:02:00
2024-01-01 01:03:00,40,1,8,01:03:00
2024-01-01 01:04:00,24,32,2,01:04:00
2024-01-01 01:05:00,17,13,20,01:05:00
2024-01-01 01:06:00,23,30,25,01:06:00
2024-01-01 01:07:00,32,23,7,01:07:00
2024-01-01 01:08:00,49,19,47,01:08:00
2024-01-01 01:09:00,30,32,1,01:09:00
2024-01-01 01:10:00,25,30,5,01:10:00
2024-01-01 01:11:00,27,29,27,01:11:00
2024-01-01 01:12:00,33,49,28,01:12:00
2024-01-01 01:13:00,35,45,25,01:13:00
2024-01-01 01:14:00,34,29,24,01:14:00
2024-01-01 01:15:00,38,30,11,01:15:00
2024-01-01 01:16:00,24,16,4,01:16:00
2024-01-01 01:17:00,10,40,33,01:17:00
2024-01-01 01:18:00,34,19,47,01:18:00
2024-01-01 01:19:00,16,18,36,01:19:00
2024-01-01 01:20:00,18,1,14,01:20:00
2024-01-01 01:21:00,33,14,43,01:21:00
2024-01-01 01:22:00,10,47,35,01:22:00
2024-01-01 01:23:00,17,2,14,01:23:00
2024-01-01 01:24:00,33,28,42,01:24:00
2024-01-01 01:25:00,20,49,47,01:25:00
2024-01-01 01:26:00,26,30,22,01:26:00
2024-01-01 01:27:00,17,38,5,01:27:00
2024-01-01 01:28:00,44,4,45,01:28:00
2024-01-01 01:29:00,44,1,49,01:29:00
2024-01-01 01:30:00,42,8,43,01:30:00
2024-01-01 01:31:00,14,29,42,01:31:00
2024-01-01 01:32:00,48,39,44,01:32:00
2024-01-01 01:33:00,37,3,20,01:33:00
2024-01-01 01:34:00,16,32,22,01:34:00
2024-01-01 01:35:00,18,10,42,01:35:00
2024-01-01 01:36:00,17,10,15,01:36:00
2024-01-01 01:37:00,21,19,46,01:37:00
2024-01-01 01:38:00,43,46,14,01:38:00
2024-01-01 01:39:00,42,34,24,01:39:00
2024-01-01 01:40:00,32,33,35,01:40:00
2024-01-01 01:41:00,33,23,10,01:41:00
2024-01-01 01:42:00,46,28,14,01:42:00
2024-01-01 01:43:00,44,32,3,01:43:00
2024-01-01 01:44:00,49,7,20,01:44:00
2024-01-01 01:45:00,31,29,12,01:45:00
2024-01-01 01:46:00,36,8,21,01:46:00
2024-01-01 01:47:00,44,1,18,01:47:00
2024-01-01 01:48:00,10,3,33,01:48:00
2024-01-01 01:49:00,44,24,13,01:49:00
2024-01-01 01:50:00,46,23,3,01:50:00
2024-01-01 01:51:00,23,8,47,01:51:00
2024-01-01 01:52:00,12,47,45,01:52:00
2024-01-01 01:53:00,10,37,26,01:53:00
2024-01-01 01:54:00,14,3,28,01:54:00
2024-01-01 01:55:00,35,33,46,01:55:00
2024-01-01 01:56:00,23,28,27,01:56:00
2024-01-01 01:57:00,48,47,34,01:57:00
2024-01-01 01:58:00,36,8,7,01:58:00
2024-01-01 01:59:00,18,34,15,01:59:00
2024-01-01 02:00:00,24,35,41,02:00:00
2024-01-01 02:01:00,24,32,35,02:01:00
2024-01-01 02:02:00,35,24,29,02:02:00
2024-01-01 02:03:00,22,14,17,02:03:00
2024-01-01 02:04:00,41,32,1,02:04:00
2024-01-01 02:05:00,48,46,48,02:05:00
2024-01-01 02:06:00,41,43,12,02:06:00
2024-01-01 02:07:00,13,16,3,02:07:00
2024-01-01 02:08:00,39,4,25,02:08:00
2024-01-01 02:09:00,46,37,24,02:09:00
2024-01-01 02:10:00,32,21,29,02:10:00
2024-01-01 02:11:00,48,14,10,02:11:00
2024-01-01 02:12:00,24,31,6,02:12:00
2024-01-01 02:13:00,38,48,30,02:13:00
2024-01-01 02:14:00,45,18,43,02:14:00
2024-01-01 02:15:00,22,7,9,02:15:00
2024-01-01 02:16:00,41,10,38,02:16:00
2024-01-01 02:17:00,16,7,12,02:17:00
2024-01-01 02:18:00,31,33,30,02:18:00
2024-01-01 02:19:00,37,23,6,02:19:00
2024-01-01 02:20:00,11,21,48,02:20:00
2024-01-01 02:21:00,15,19,41,02:21:00
2024-01-01 02:22:00,37,48,41,02:22:00
2024-01-01 02:23:00,37,19,35,02:23:00
2024-01-01 02:24:00,29,36,19,02:24:00
2024-01-01 02:25:00,39,29,3,02:25:00
2024-01-01 02:26:00,20,18,6,02:26:00
2024-01-01 02:27:00,37,2,0,02:27:00
2024-01-01 02:28:00,34,1,43,02:28:00
2024-01-01 02:29:00,48,47,44,02:29:00
2024-01-01 02:30:00,42,5,41,02:30:00
2024-01-01 02:31:00,10,20,46,02:31:00
2024-01-01 02:32:00,36,11,12,02:32:00
2024-01-01 02:33:00,22,42,21,02:33:00
2024-01-01 02:34:00,12,2,20,02:34:00
2024-01-01 02:35:00,48,3,21,02:35:00
2024-01-01 02:36:00,15,23,27,02:36:00
2024-01-01 02:37:00,17,12,8,02:37:00
2024-01-01 02:38:00,36,20,25,02:38:00
2024-01-01 02:39:00,18,5,8,02:39:00
2024-01-01 02:40:00,46,37,14,02:40:00
2024-01-01 02:41:00,42,38,9,02:41:00
2024-01-01 02:42:00,33,30,23,02:42:00
2024-01-01 02:43:00,24,9,41,02:43:00
2024-01-01 02:44:00,41,34,7,02:44:00
2024-01-01 02:45:00,41,44,23,02:45:00
2024-01-01 02:46:00,33,35,15,02:46:00
2024-01-01 02:47:00,21,22,48,02:47:00
2024-01-01 02:48:00,48,44,25,02:48:00
2024-01-01 02:49:00,11,24,26,02:49:00
2024-01-01 02:50:00,12,17,36,02:50:00
2024-01-01 02:51:00,46,10,3,02:51:00
2024-01-01 02:52:00,26,30,49,02:52:00
2024-01-01 02:53:00,11,46,23,02:53:00
2024-01-01 02:54:00,11,23,18,02:54:00
2024-01-01 02:55:00,37,32,35,02:55:00
2024-01-01 02:56:00,32,17,38,02:56:00
2024-01-01 02:57:00,46,17,9,02:57:00
2024-01-01 02:58:00,41,14,24,02:58:00
2024-01-01 02:59:00,42,9,17,02:59:00
2024-01-01 03:00:00,10,40,18,03:00:00
2024-01-01 03:01:00,28,2,35,03:01:00
2024-01-01 03:02:00,11,45,9,03:02:00
2024-01-01 03:03:00,35,25,32,03:03:00
2024-01-01 03:04:00,41,39,49,03:04:00
2024-01-01 03:05:00,15,9,4,03:05:00
2024-01-01 03:06:00,41,22,46,03:06:00
2024-01-01 03:07:00,13,43,48,03:07:00
2024-01-01 03:08:00,20,46,34,03:08:00
2024-01-01 03:09:00,26,4,43,03:09:00
2024-01-01 03:10:00,47,26,33,03:10:00
2024-01-01 03:11:00,33,29,32,03:11:00
2024-01-01 03:12:00,14,45,20,03:12:00
2024-01-01 03:13:00,43,34,16,03:13:00
2024-01-01 03:14:00,15,23,21,03:14:00
2024-01-01 03:15:00,31,37,47,03:15:00
2024-01-01 03:16:00,20,11,36,03:16:00
2024-01-01 03:17:00,25,6,14,03:17:00
2024-01-01 03:18:00,42,18,34,03:18:00
2024-01-01 03:19:00,18,21,27,03:19:00
2024-01-01 03:20:00,15,42,6,03:20:00
2024-01-01 03:21:00,25,36,31,03:21:00
2024-01-01 03:22:00,38,41,10,03:22:00
2024-01-01 03:23:00,12,38,9,03:23:00
2024-01-01 03:24:00,29,34,8,03:24:00
2024-01-01 03:25:00,45,17,13,03:25:00
2024-01-01 03:26:00,28,37,12,03:26:00
2024-01-01 03:27:00,35,25,24,03:27:00
2024-01-01 03:28:00,12,38,1,03:28:00
2024-01-01 03:29:00,28,12,34,03:29:00
2024-01-01 03:30:00,29,23,6,03:30:00
2024-01-01 03:31:00,41,42,20,03:31:00
2024-01-01 03:32:00,16,22,17,03:32:00
2024-01-01 03:33:00,42,21,2,03:33:00
2024-01-01 03:34:00,49,27,41,03:34:00
2024-01-01 03:35:00,48,31,38,03:35:00
2024-01-01 03:36:00,27,6,40,03:36:00
2024-01-01 03:37:00,49,27,48,03:37:00
2024-01-01 03:38:00,10,40,10,03:38:00
2024-01-01 03:39:00,20,34,38,03:39:00
2024-01-01 03:40:00,37,12,23,03:40:00
2024-01-01 03:41:00,34,45,45,03:41:00
2024-01-01 03:42:00,32,7,18,03:42:00
2024-01-01 03:43:00,40,10,3,03:43:00
2024-01-01 03:44:00,39,45,25,03:44:00
2024-01-01 03:45:00,44,17,37,03:45:00
2024-01-01 03:46:00,16,26,41,03:46:00
2024-01-01 03:47:00,25,21,31,03:47:00
2024-01-01 03:48:00,35,28,38,03:48:00
2024-01-01 03:49:00,11,46,44,03:49:00
2024-01-01 03:50:00,10,2,45,03:50:00
2024-01-01 03:51:00,21,43,35,03:51:00
2024-01-01 03:52:00,14,1,39,03:52:00
2024-01-01 03:53:00,46,36,36,03:53:00
2024-01-01 03:54:00,41,26,32,03:54:00
2024-01-01 03:55:00,18,29,35,03:55:00
2024-01-01 03:56:00,44,21,2,03:56:00
2024-01-01 03:57:00,28,11,8,03:57:00
2024-01-01 03:58:00,25,40,7,03:58:00
2024-01-01 03:59:00,12,11,32,03:59:00
2024-01-01 04:00:00,29,36,5,04:00:00
2024-01-01 04:01:00,33,49,40,04:01:00
2024-01-01 04:02:00,42,39,38,04:02:00
2024-01-01 04:03:00,33,40,3,04:03:00
2024-01-01 04:04:00,20,35,12,04:04:00
2024-01-01 04:05:00,17,34,48,04:05:00
2024-01-01 04:06:00,45,47,1,04:06:00
2024-01-01 04:07:00,47,24,4,04:07:00
2024-01-01 04:08:00,49,22,43,04:08:00
2024-01-01 04:09:00,29,5,26,04:09:00
2024-01-01 04:10:00,44,33,31,04:10:00
2024-01-01 04:11:00,34,36,20,04:11:00
2024-01-01 04:12:00,44,47,7,04:12:00
2024-01-01 04:13:00,34,20,37,04:13:00
2024-01-01 04:14:00,38,19,7,04:14:00
2024-01-01 04:15:00,27,35,49,04:15:00
2024-01-01 04:16:00,27,43,2,04:16:00
2024-01-01 04:17:00,11,17,43,04:17:00
2024-01-01 04:18:00,44,45,2,04:18:00
2024-01-01 04:19:00,25,43,21,04:19:00
2024-01-01 04:20:00,45,34,5,04:20:00
2024-01-01 04:21:00,42,9,1,04:21:00
2024-01-01 04:22:00,13,26,22,04:22:00
2024-01-01 04:23:00,42,2,43,04:23:00
2024-01-01 04:24:00,23,9,1,04:24:00
2024-01-01 04:25:00,30,9,37,04:25:00
2024-01-01 04:26:00,29,40,16,04:26:00
2024-01-01 04:27:00,17,17,34,04:27:00
2024-01-01 04:28:00,16,1,33,04:28:00
2024-01-01 04:29:00,12,25,22,04:29:00
2024-01-01 04:30:00,26,43,29,04:30:00
2024-01-01 04:31:00,42,40,7,04:31:00
2024-01-01 04:32:00,21,42,21,04:32:00
2024-01-01 04:33:00,31,25,43,04:33:00
2024-01-01 04:34:00,31,39,35,04:34:00
2024-01-01 04:35:00,39,35,4,04:35:00
2024-01-01 04:36:00,47,3,12,04:36:00
2024-01-01 04:37:00,47,37,28,04:37:00
2024-01-01 04:38:00,17,44,30,04:38:00
2024-01-01 04:39:00,36,44,46,04:39:00
2024-01-01 04:40:00,36,30,15,04:40:00
2024-01-01 04:41:00,43,38,41,04:41:00
2024-01-01 04:42:00,30,34,29,04:42:00
2024-01-01 04:43:00,39,12,15,04:43:00
2024-01-01 04:44:00,42,19,11,04:44:00
2024-01-01 04:45:00,37,37,16,04:45:00
2024-01-01 04:46:00,42,44,15,04:46:00
2024-01-01 04:47:00,14,49,11,04:47:00
2024-01-01 04:48:00,28,17,7,04:48:00
2024-01-01 04:49:00,13,10,19,04:49:00
2024-01-01 04:50:00,44,49,2,04:50:00
2024-01-01 04:51:00,26,47,15,04:51:00
2024-01-01 04:52:00,37,12,29,04:52:00
2024-01-01 04:53:00,39,16,44,04:53:00
2024-01-01 04:54:00,38,24,22,04:54:00
2024-01-01 04:55:00,15,19,27,04:55:00
2024-01-01 04:56:00,44,8,39,04:56:00
2024-01-01 04:57:00,46,31,4,04:57:00
2024-01-01 04:58:00,33,21,19,04:58:00
2024-01-01 04:59:00,38,17,39,04:59:00
2024-01-01 05:00:00,40,23,43,05:00:00
2024-01-01 05:01:00,44,37,0,05:01:00
2024-01-01 05:02:00,42,16,29,05:02:00
2024-01-01 05:03:00,30,6,20,05:03:00
2024-01-01 05:04:00,41,8,19,05:04:00
2024-01-01 05:05:00,32,25,5,05:05:00
2024-01-01 05:06:00,42,18,21,05:06:00
2024-01-01 05:07:00,12,25,17,05:07:00
2024-01-01 05:08:00,27,12,7,05:08:00
2024-01-01 05:09:00,34,15,38,05:09:00
2024-01-01 05:10:00,40,26,31,05:10:00
2024-01-01 05:11:00,12,41,32,05:11:00
2024-01-01 05:12:00,49,45,15,05:12:00
2024-01-01 05:13:00,33,26,11,05:13:00
2024-01-01 05:14:00,41,47,37,05:14:00
2024-01-01 05:15:00,31,32,33,05:15:00
2024-01-01 05:16:00,32,10,13,05:16:00
2024-01-01 05:17:00,11,16,35,05:17:00
2024-01-01 05:18:00,36,7,32,05:18:00
2024-01-01 05:19:00,11,17,22,05:19:00
2024-01-01 05:20:00,35,23,49,05:20:00
2024-01-01 05:21:00,26,26,44,05:21:00
2024-01-01 05:22:00,49,21,1,05:22:00
2024-01-01 05:23:00,42,22,40,05:23:00
2024-01-01 05:24:00,18,7,20,05:24:00
2024-01-01 05:25:00,48,14,1,05:25:00
2024-01-01 05:26:00,38,15,26,05:26:00
2024-01-01 05:27:00,35,7,8,05:27:00
2024-01-01 05:28:00,44,9,0,05:28:00
2024-01-01 05:29:00,34,48,10,05:29:00
2024-01-01 05:30:00,33,8,2,05:30:00
2024-01-01 05:31:00,22,23,22,05:31:00
2024-01-01 05:32:00,16,29,25,05:32:00
2024-01-01 05:33:00,45,18,3,05:33:00
2024-01-01 05:34:00,29,31,17,05:34:00
2024-01-01 05:35:00,10,30,5,05:35:00
2024-01-01 05:36:00,17,39,34,05:36:00
2024-01-01 05:37:00,25,35,21,05:37:00
2024-01-01 05:38:00,23,18,42,05:38:00
2024-01-01 05:39:00,21,42,14,05:39:00
2024-01-01 05:40:00,32,39,21,05:40:00
2024-01-01 05:41:00,24,17,36,05:41:00
2024-01-01 05:42:00,37,14,41,05:42:00
2024-01-01 05:43:00,43,31,11,05:43:00
2024-01-01 05:44:00,11,24,46,05:44:00
2024-01-01 05:45:00,41,35,48,05:45:00
2024-01-01 05:46:00,32,44,41,05:46:00
2024-01-01 05:47:00,31,45,37,05:47:00
2024-01-01 05:48:00,34,34,17,05:48:00
2024-01-01 05:49:00,31,3,44,05:49:00
2024-01-01 05:50:00,31,37,34,05:50:00
2024-01-01 05:51:00,15,43,29,05:51:00
2024-01-01 05:52:00,24,40,23,05:52:00
2024-01-01 05:53:00,46,26,41,05:53:00
2024-01-01 05:54:00,42,23,29,05:54:00
2024-01-01 05:55:00,17,44,13,05:55:00
2024-01-01 05:56:00,14,39,5,05:56:00
2024-01-01 05:57:00,48,15,2,05:57:00
2024-01-01 05:58:00,13,49,15,05:58:00
2024-01-01 05:59:00,15,4,6,05:59:00
2024-01-01 06:00:00,41,29,13,06:00:00
2024-01-01 06:01:00,39,22,8,06:01:00
2024-01-01 06:02:00,44,25,14,06:02:00
2024-01-01 06:03:00,49,13,20,06:03:00
2024-01-01 06:04:00,25,18,34,06:04:00
2024-01-01 06:05:00,22,33,1,06:05:00
2024-01-01 06:06:00,39,16,26,06:06:00
2024-01-01 06:07:00,28,45,1,06:07:00
2024-01-01 06:08:00,26,42,34,06:08:00
2024-01-01 06:09:00,28,44,17,06:09:00
2024-01-01 06:10:00,37,2,13,06:10:00
2024-01-01 06:11:00,35,35,19,06:11:00
2024-01-01 06:12:00,46,42,17,06:12:00
2024-01-01 06:13:00,35,34,9,06:13:00
2024-01-01 06:14:00,32,30,24,06:14:00
2024-01-01 06:15:00,18,13,1,06:15:00
2024-01-01 06:16:00,21,13,24,06:16:00
2024-01-01 06:17:00,10,18,32,06:17:00
2024-01-01 06:18:00,10,32,35,06:18:00
2024-01-01 06:19:00,43,32,30,06:19:00
2024-01-01 06:20:00,41,35,13,06:20:00
2024-01-01 06:21:00,34,39,0,06:21:00
2024-01-01 06:22:00,49,46,45,06:22:00
2024-01-01 06:23:00,10,29,15,06:23:00
2024-01-01 06:24:00,25,49,45,06:24:00
2024-01-01 06:25:00,48,29,2,06:25:00
2024-01-01 06:26:00,14,44,34,06:26:00
2024-01-01 06:27:00,31,16,40,06:27:00
2024-01-01 06:28:00,38,44,5,06:28:00
2024-01-01 06:29:00,12,47,24,06:29:00
2024-01-01 06:30:00,21,10,12,06:30:00
2024-01-01 06:31:00,35,30,33,06:31:00
2024-01-01 06:32:00,25,25,7,06:32:00
2024-01-01 06:33:00,46,39,20,06:33:00
2024-01-01 06:34:00,31,20,33,06:34:00
2024-01-01 06:35:00,38,5,3,06:35:00
2024-01-01 06:36:00,23,1,24,06:36:00
2024-01-01 06:37:00,37,30,14,06:37:00
2024-01-01 06:38:00,14,49,3,06:38:00
2024-01-01 06:39:00,39,3,44,06:39:00
2024-01-01 06:40:00,14,45,11,06:40:00
2024-01-01 06:41:00,21,14,31,06:41:00
2024-01-01 06:42:00,25,30,31,06:42:00
2024-01-01 06:43:00,35,4,27,06:43:00
2024-01-01 06:44:00,35,18,12,06:44:00
2024-01-01 06:45:00,30,37,30,06:45:00
2024-01-01 06:46:00,48,25,13,06:46:00
2024-01-01 06:47:00,45,48,19,06:47:00
2024-01-01 06:48:00,42,1,17,06:48:00
2024-01-01 06:49:00,39,46,28,06:49:00
2024-01-01 06:50:00,46,15,5,06:50:00
2024-01-01 06:51:00,32,9,31,06:51:00
2024-01-01 06:52:00,19,15,28,06:52:00
2024-01-01 06:53:00,14,49,42,06:53:00
2024-01-01 06:54:00,45,24,1,06:54:00
2024-01-01 06:55:00,43,4,22,06:55:00
2024-01-01 06:56:00,40,12,18,06:56:00
2024-01-01 06:57:00,19,37,30,06:57:00
2024-01-01 06:58:00,28,37,4,06:58:00
2024-01-01 06:59:00,41,43,18,06:59:00
2024-01-01 07:00:00,10,6,33,07:00:00
2024-01-01 07:01:00,14,39,9,07:01:00
2024-01-01 07:02:00,13,46,24,07:02:00
2024-01-01 07:03:00,25,24,1,07:03:00
2024-01-01 07:04:00,33,11,10,07:04:00
2024-01-01 07:05:00,25,13,49,07:05:00
2024-01-01 07:06:00,11,34,30,07:06:00
2024-01-01 07:07:00,37,25,14,07:07:00
2024-01-01 07:08:00,41,7,8,07:08:00
2024-01-01 07:09:00,36,4,22,07:09:00
2024-01-01 07:10:00,29,8,18,07:10:00
2024-01-01 07:11:00,33,20,8,07:11:00
2024-01-01 07:12:00,21,29,34,07:12:00
2024-01-01 07:13:00,44,45,20,07:13:00
2024-01-01 07:14:00,42,46,8,07:14:00
2024-01-01 07:15:00,42,10,27,07:15:00
2024-01-01 07:16:00,46,43,45,07:16:00
2024-01-01 07:17:00,21,34,6,07:17:00
2024-01-01 07:18:00,12,26,15,07:18:00
2024-01-01 07:19:00,10,41,15,07:19:00
2024-01-01 07:20:00,42,49,32,07:20:00
2024-01-01 07:21:00,49,3,3,07:21:00
2024-01-01 07:22:00,19,6,3,07:22:00
2024-01-01 07:23:00,38,5,38,07:23:00
2024-01-01 07:24:00,22,5,39,07:24:00
2024-01-01 07:25:00,21,47,16,07:25:00
2024-01-01 07:26:00,40,23,36,07:26:00
2024-01-01 07:27:00,11,49,38,07:27:00
2024-01-01 07:28:00,44,9,28,07:28:00
2024-01-01 07:29:00,32,35,35,07:29:00
2024-01-01 07:30:00,26,20,37,07:30:00
2024-01-01 07:31:00,35,49,38,07:31:00
2024-01-01 07:32:00,17,42,49,07:32:00
2024-01-01 07:33:00,38,35,36,07:33:00
2024-01-01 07:34:00,35,18,34,07:34:00
2024-01-01 07:35:00,19,17,6,07:35:00
2024-01-01 07:36:00,35,24,26,07:36:00
2024-01-01 07:37:00,43,3,27,07:37:00
2024-01-01 07:38:00,16,32,21,07:38:00
2024-01-01 07:39:00,13,35,13,07:39:00
2024-01-01 07:40:00,20,38,6,07:40:00
2024-01-01 07:41:00,38,13,36,07:41:00
2024-01-01 07:42:00,45,47,21,07:42:00
2024-01-01 07:43:00,34,25,4,07:43:00
2024-01-01 07:44:00,30,9,1,07:44:00
2024-01-01 07:45:00,45,4,26,07:45:00
2024-01-01 07:46:00,19,14,20,07:46:00
2024-01-01 07:47:00,46,37,37,07:47:00
2024-01-01 07:48:00,18,34,14,07:48:00
2024-01-01 07:49:00,33,11,20,07:49:00
2024-01-01 07:50:00,44,41,9,07:50:00
2024-01-01 07:51:00,44,3,22,07:51:00
2024-01-01 07:52:00,45,28,38,07:52:00
2024-01-01 07:53:00,27,29,4,07:53:00
2024-01-01 07:54:00,48,9,0,07:54:00
2024-01-01 07:55:00,41,3,12,07:55:00
2024-01-01 07:56:00,33,25,20,07:56:00
2024-01-01 07:57:00,32,34,25,07:57:00
2024-01-01 07:58:00,41,12,49,07:58:00
2024-01-01 07:59:00,46,42,44,07:59:00
2024-01-01 08:00:00,21,9,20,08:00:00
2024-01-01 08:01:00,22,15,17,08:01:00
2024-01-01 08:02:00,32,40,36,08:02:00
2024-01-01 08:03:00,34,25,44,08:03:00
2024-01-01 08:04:00,44,5,31,08:04:00
2024-01-01 08:05:00,39,11,35,08:05:00
2024-01-01 08:06:00,26,34,16,08:06:00
2024-01-01 08:07:00,29,24,34,08:07:00
2024-01-01 08:08:00,34,15,48,08:08:00
2024-01-01 08:09:00,31,38,10,08:09:00
2024-01-01 08:10:00,22,8,20,08:10:00
2024-01-01 08:11:00,28,5,25,08:11:00
2024-01-01 08:12:00,45,48,3,08:12:00
2024-01-01 08:13:00,21,26,33,08:13:00
2024-01-01 08:14:00,28,18,47,08:14:00
2024-01-01 08:15:00,21,6,17,08:15:00
2024-01-01 08:16:00,18,37,39,08:16:00
2024-01-01 08:17:00,16,48,34,08:17:00
2024-01-01 08:18:00,37,13,40,08:18:00
2024-01-01 08:19:00,23,28,28,08:19:00
2024-01-01 08:20:00,40,5,28,08:20:00
2024-01-01 08:21:00,28,13,37,08:21:00
2024-01-01 08:22:00,25,17,41,08:22:00
2024-01-01 08:23:00,14,40,20,08:23:00
2024-01-01 08:24:00,44,45,41,08:24:00
2024-01-01 08:25:00,21,32,12,08:25:00
2024-01-01 08:26:00,34,29,48,08:26:00
2024-01-01 08:27:00,30,3,40,08:27:00
2024-01-01 08:28:00,45,40,16,08:28:00
2024-01-01 08:29:00,32,34,8,08:29:00
2024-01-01 08:30:00,25,40,40,08:30:00
2024-01-01 08:31:00,48,27,0,08:31:00
2024-01-01 08:32:00,48,13,1,08:32:00
2024-01-01 08:33:00,23,45,47,08:33:00
2024-01-01 08:34:00,40,33,28,08:34:00
2024-01-01 08:35:00,14,6,32,08:35:00
2024-01-01 08:36:00,44,24,9,08:36:00
2024-01-01 08:37:00,32,19,49,08:37:00
2024-01-01 08:38:00,38,16,39,08:38:00
2024-01-01 08:39:00,20,40,20,08:39:00
2024-01-01 08:40:00,27,28,27,08:40:00
2024-01-01 08:41:00,21,33,10,08:41:00
2024-01-01 08:42:00,18,48,33,08:42:00
2024-01-01 08:43:00,19,41,7,08:43:00
2024-01-01 08:44:00,26,13,21,08:44:00
2024-01-01 08:45:00,47,43,7,08:45:00
2024-01-01 08:46:00,16,45,48,08:46:00
2024-01-01 08:47:00,22,25,14,08:47:00
2024-01-01 08:48:00,49,42,16,08:48:00
2024-01-01 08:49:00,18,36,22,08:49:00
2024-01-01 08:50:00,36,27,23,08:50:00
2024-01-01 08:51:00,11,38,44,08:51:00
2024-01-01 08:52:00,14,7,18,08:52:00
2024-01-01 08:53:00,38,5,4,08:53:00
2024-01-01 08:54:00,46,43,31,08:54:00
2024-01-01 08:55:00,47,45,43,08:55:00
2024-01-01 08:56:00,28,31,0,08:56:00
2024-01-01 08:57:00,17,23,22,08:57:00
2024-01-01 08:58:00,10,42,36,08:58:00
2024-01-01 08:59:00,31,10,7,08:59:00
2024-01-01 09:00:00,26,32,12,09:00:00
2024-01-01 09:01:00,16,43,7,09:01:00
2024-01-01 09:02:00,34,30,22,09:02:00
2024-01-01 09:03:00,13,39,42,09:03:00
2024-01-01 09:04:00,45,31,0,09:04:00
2024-01-01 09:05:00,15,18,44,09:05:00
2024-01-01 09:06:00,40,36,23,09:06:00
2024-01-01 09:07:00,28,2,34,09:07:00
2024-01-01 09:08:00,48,14,23,09:08:00
2024-01-01 09:09:00,36,13,16,09:09:00
2024-01-01 09:10:00,19,29,4,09:10:00
2024-01-01 09:11:00,35,12,19,09:11:00
2024-01-01 09:12:00,28,39,20,09:12:00
2024-01-01 09:13:00,48,2,39,09:13:00
2024-01-01 09:14:00,12,32,30,09:14:00
2024-01-01 09:15:00,22,13,45,09:15:00
2024-01-01 09:16:00,37,46,35,09:16:00
2024-01-01 09:17:00,29,27,10,09:17:00
2024-01-01 09:18:00,37,49,14,09:18:00
2024-01-01 09:19:00,17,41,18,09:19:00
2024-01-01 09:20:00,48,17,6,09:20:00
2024-01-01 09:21:00,10,40,27,09:21:00
2024-01-01 09:22:00,12,31,42,09:22:00
2024-01-01 09:23:00,22,34,4,09:23:00
2024-01-01 09:24:00,37,24,4,09:24:00
2024-01-01 09:25:00,34,45,29,09:25:00
2024-01-01 09:26:00,42,35,31,09:26:00
2024-01-01 09:27:00,47,48,7,09:27:00
2024-01-01 09:28:00,15,6,9,09:28:00
2024-01-01 09:29:00,41,19,37,09:29:00
2024-01-01 09:30:00,30,30,46,09:30:00
2024-01-01 09:31:00,25,7,31,09:31:00
2024-01-01 09:32:00,30,10,47,09:32:00
2024-01-01 09:33:00,20,41,27,09:33:00
2024-01-01 09:34:00,46,32,16,09:34:00
2024-01-01 09:35:00,45,34,30,09:35:00
2024-01-01 09:36:00,44,28,7,09:36:00
2024-01-01 09:37:00,28,15,39,09:37:00
2024-01-01 09:38:00,29,30,24,09:38:00
2024-01-01 09:39:00,27,37,8,09:39:00
2024-01-01 09:40:00,23,29,1,09:40:00
2024-01-01 09:41:00,24,22,14,09:41:00
2024-01-01 09:42:00,40,4,49,09:42:00
2024-01-01 09:43:00,10,20,2,09:43:00
2024-01-01 09:44:00,12,32,48,09:44:00
2024-01-01 09:45:00,25,36,35,09:45:00
2024-01-01 09:46:00,32,4,3,09:46:00
2024-01-01 09:47:00,20,27,13,09:47:00
2024-01-01 09:48:00,21,17,40,09:48:00
2024-01-01 09:49:00,19,12,40,09:49:00
2024-01-01 09:50:00,41,22,24,09:50:00
2024-01-01 09:51:00,25,17,49,09:51:00
2024-01-01 09:52:00,17,10,9,09:52:00
2024-01-01 09:53:00,47,1,20,09:53:00
2024-01-01 09:54:00,21,22,35,09:54:00
2024-01-01 09:55:00,33,26,11,09:55:00
2024-01-01 09:56:00,37,18,26,09:56:00
2024-01-01 09:57:00,17,14,39,09:57:00
2024-01-01 09:58:00,37,47,1,09:58:00
2024-01-01 09:59:00,45,29,12,09:59:00
2024-01-01 10:00:00,35,12,31,10:00:00
2024-01-01 10:01:00,17,36,30,10:01:00
2024-01-01 10:02:00,37,35,15,10:02:00
2024-01-01 10:03:00,37,12,31,10:03:00
2024-01-01 10:04:00,46,7,31,10:04:00
2024-01-01 10:05:00,45,29,33,10:05:00
2024-01-01 10:06:00,36,11,10,10:06:00
2024-01-01 10:07:00,26,33,9,10:07:00
2024-01-01 10:08:00,18,6,14,10:08:00
2024-01-01 10:09:00,42,47,16,10:09:00
2024-01-01 10:10:00,29,15,39,10:10:00
2024-01-01 10:11:00,22,32,17,10:11:00
2024-01-01 10:12:00,37,11,8,10:12:00
2024-01-01 10:13:00,38,23,24,10:13:00
2024-01-01 10:14:00,22,26,39,10:14:00
2024-01-01 10:15:00,44,34,13,10:15:00
2024-01-01 10:16:00,15,46,24,10:16:00
2024-01-01 10:17:00,27,34,49,10:17:00
2024-01-01 10:18:00,14,29,21,10:18:00
2024-01-01 10:19:00,34,4,29,10:19:00
2024-01-01 10:20:00,11,17,19,10:20:00
2024-01-01 10:21:00,19,35,20,10:21:00
2024-01-01 10:22:00,39,13,43,10:22:00
2024-01-01 10:23:00,14,41,31,10:23:00
2024-01-01 10:24:00,42,39,45,10:24:00
2024-01-01 10:25:00,10,15,48,10:25:00
2024-01-01 10:26:00,27,29,20,10:26:00
2024-01-01 10:27:00,41,29,34,10:27:00
2024-01-01 10:28:00,20,11,31,10:28:00
2024-01-01 10:29:00,30,32,29,10:29:00
2024-01-01 10:30:00,35,2,38,10:30:00
2024-01-01 10:31:00,34,47,48,10:31:00
2024-01-01 10:32:00,31,14,11,10:32:00
2024-01-01 10:33:00,36,20,40,10:33:00
2024-01-01 10:34:00,22,22,46,10:34:00
2024-01-01 10:35:00,42,11,17,10:35:00
2024-01-01 10:36:00,43,27,20,10:36:00
2024-01-01 10:37:00,44,3,12,10:37:00
2024-01-01 10:38:00,10,17,20,10:38:00
2024-01-01 10:39:00,30,44,7,10:39:00
2024-01-01 10:40:00,15,28,45,10:40:00
2024-01-01 10:41:00,37,29,39,10:41:00
2024-01-01 10:42:00,26,21,45,10:42:00
2024-01-01 10:43:00,14,47,6,10:43:00
2024-01-01 10:44:00,40,16,22,10:44:00
2024-01-01 10:45:00,14,37,43,10:45:00
2024-01-01 10:46:00,47,20,31,10:46:00
2024-01-01 10:47:00,12,6,10,10:47:00
2024-01-01 10:48:00,32,19,21,10:48:00
2024-01-01 10:49:00,46,5,21,10:49:00
2024-01-01 10:50:00,46,3,42,10:50:00
2024-01-01 10:51:00,19,1,24,10:51:00
2024-01-01 10:52:00,19,38,21,10:52:00
2024-01-01 10:53:00,28,15,27,10:53:00
2024-01-01 10:54:00,26,34,28,10:54:00
2024-01-01 10:55:00,30,35,12,10:55:00
2024-01-01 10:56:00,23,49,17,10:56:00
2024-01-01 10:57:00,18,25,1,10:57:00
2024-01-01 10:58:00,10,24,28,10:58:00
2024-01-01 10:59:00,22,12,20,10:59:00
2024-01-01 11:00:00,13,18,14,11:00:00
2024-01-01 11:01:00,10,15,26,11:01:00
2024-01-01 11:02:00,49,44,49,11:02:00
2024-01-01 11:03:00,41,16,30,11:03:00
2024-01-01 11:04:00,43,27,14,11:04:00
2024-01-01 11:05:00,37,8,22,11:05:00
2024-01-01 11:06:00,40,46,23,11:06:00
2024-01-01 11:07:00,17,25,43,11:07:00
2024-01-01 11:08:00,48,17,12,11:08:00
2024-01-01 11:09:00,35,29,21,11:09:00
2024-01-01 11:10:00,43,8,42,11:10:00
2024-01-01 11:11:00,12,15,36,11:11:00
2024-01-01 11:12:00,21,27,32,11:12:00
2024-01-01 11:13:00,10,46,2,11:13:00
2024-01-01 11:14:00,14,7,18,11:14:00
2024-01-01 11:15:00,39,3,22,11:15:00
2024-01-01 11:16:00,39,29,28,11:16:00
2024-01-01 11:17:00,26,44,29,11:17:00
2024-01-01 11:18:00,32,24,38,11:18:00
2024-01-01 11:19:00,24,3,43,11:19:00
2024-01-01 11:20:00,46,20,46,11:20:00
2024-01-01 11:21:00,30,46,24,11:21:00
2024-01-01 11:22:00,23,15,36,11:22:00
2024-01-01 11:23:00,11,25,46,11:23:00
2024-01-01 11:24:00,20,30,7,11:24:00
2024-01-01 11:25:00,48,14,41,11:25:00
2024-01-01 11:26:00,47,7,15,11:26:00
2024-01-01 11:27:00,43,17,7,11:27:00
2024-01-01 11:28:00,47,44,0,11:28:00
2024-01-01 11:29:00,43,20,43,11:29:00
2024-01-01 11:30:00,27,36,4,11:30:00
2024-01-01 11:31:00,39,9,2,11:31:00
2024-01-01 11:32:00,24,38,0,11:32:00
2024-01-01 11:33:00,36,48,3,11:33:00
2024-01-01 11:34:00,43,22,39,11:34:00
2024-01-01 11:35:00,47,2,34,11:35:00
2024-01-01 11:36:00,42,24,31,11:36:00
2024-01-01 11:37:00,33,8,41,11:37:00
2024-01-01 11:38:00,24,11,33,11:38:00
2024-01-01 11:39:00,39,13,42,11:39:00
2024-01-01 11:40:00,26,17,24,11:40:00
2024-01-01 11:41:00,14,8,9,11:41:00
2024-01-01 11:42:00,38,21,20,11:42:00
2024-01-01 11:43:00,13,18,45,11:43:00
2024-01-01 11:44:00,19,30,38,11:44:00
2024-01-01 11:45:00,26,18,26,11:45:00
2024-01-01 11:46:00,19,46,26,11:46:00
2024-01-01 11:47:00,26,47,1,11:47:00
2024-01-01 11:48:00,29,31,40,11:48:00
2024-01-01 11:49:00,33,38,47,11:49:00
2024-01-01 11:50:00,14,32,12,11:50:00
2024-01-01 11:51:00,43,11,8,11:51:00
2024-01-01 11:52:00,15,45,35,11:52:00
2024-01-01 11:53:00,11,25,21,11:53:00
2024-01-01 11:54:00,22,33,41,11:54:00
2024-01-01 11:55:00,20,38,25,11:55:00
2024-01-01 11:56:00,32,41,11,11:56:00
2024-01-01 11:57:00,25,8,16,11:57:00
2024-01-01 11:58:00,40,11,13,11:58:00
2024-01-01 11:59:00,20,22,13,11:59:00
2024-01-01 12:00:00,25,24,33,12:00:00
2024-01-01 12:01:00,17,41,19,12:01:00
2024-01-01 12:02:00,13,17,10,12:02:00
2024-01-01 12:03:00,49,12,15,12:03:00
2024-01-01 12:04:00,13,46,30,12:04:00
2024-01-01 12:05:00,34,32,5,12:05:00
2024-01-01 12:06:00,12,15,18,12:06:00
2024-01-01 12:07:00,41,16,36,12:07:00
2024-01-01 12:08:00,12,22,3,12:08:00
2024-01-01 12:09:00,36,28,46,12:09:00
2024-01-01 12:10:00,38,20,3,12:10:00
2024-01-01 12:11:00,41,33,19,12:11:00
2024-01-01 12:12:00,28,10,9,12:12:00
2024-01-01 12:13:00,30,40,23,12:13:00
2024-01-01 12:14:00,14,32,34,12:14:00
2024-01-01 12:15:00,27,33,25,12:15:00
2024-01-01 12:16:00,37,2,36,12:16:00
2024-01-01 12:17:00,31,33,37,12:17:00
2024-01-01 12:18:00,30,33,20,12:18:00
2024-01-01 12:19:00,15,41,39,12:19:00
2024-01-01 12:20:00,10,13,38,12:20:00
2024-01-01 12:21:00,14,30,20,12:21:00
2024-01-01 12:22:00,21,33,9,12:22:00
2024-01-01 12:23:00,35,13,37,12:23:00
2024-01-01 12:24:00,43,26,45,12:24:00
2024-01-01 12:25:00,23,22,3,12:25:00
2024-01-01 12:26:00,35,39,44,12:26:00
2024-01-01 12:27:00,36,2,19,12:27:00
2024-01-01 12:28:00,18,38,16,12:28:00
2024-01-01 12:29:00,35,39,6,12:29:00
2024-01-01 12:30:00,31,26,3,12:30:00
2024-01-01 12:31:00,39,46,28,12:31:00
2024-01-01 12:32:00,26,15,13,12:32:00
2024-01-01 12:33:00,35,34,2,12:33:00
2024-01-01 12:34:00,45,42,23,12:34:00
2024-01-01 12:35:00,10,44,36,12:35:00
2024-01-01 12:36:00,17,49,15,12:36:00
2024-01-01 12:37:00,44,40,3,12:37:00
2024-01-01 12:38:00,24,11,23,12:38:00
2024-01-01 12:39:00,31,3,33,12:39:00
2024-01-01 12:40:00,23,6,29,12:40:00
2024-01-01 12:41:00,35,9,17,12:41:00
2024-01-01 12:42:00,37,6,18,12:42:00
2024-01-01 12:43:00,32,9,30,12:43:00
2024-01-01 12:44:00,23,39,18,12:44:00
2024-01-01 12:45:00,33,31,48,12:45:00
2024-01-01 12:46:00,11,32,45,12:46:00
2024-01-01 12:47:00,35,41,18,12:47:00
2024-01-01 12:48:00,23,12,21,12:48:00
2024-01-01 12:49:00,16,8,23,12:49:00
2024-01-01 12:50:00,12,8,44,12:50:00
2024-01-01 12:51:00,32,28,11,12:51:00
2024-01-01 12:52:00,27,20,29,12:52:00
2024-01-01 12:53:00,47,47,37,12:53:00
2024-01-01 12:54:00,44,7,30,12:54:00
2024-01-01 12:55:00,24,11,35,12:55:00
2024-01-01 12:56:00,34,20,18,12:56:00
2024-01-01 12:57:00,46,16,47,12:57:00
2024-01-01 12:58:00,37,4,44,12:58:00
2024-01-01 12:59:00,19,6,35,12:59:00
2024-01-01 13:00:00,48,22,29,13:00:00
2024-01-01 13:01:00,26,26,48,13:01:00
2024-01-01 13:02:00,48,3,32,13:02:00
2024-01-01 13:03:00,31,41,17,13:03:00
2024-01-01 13:04:00,35,42,48,13:04:00
2024-01-01 13:05:00,34,14,27,13:05:00
2024-01-01 13:06:00,26,11,46,13:06:00
2024-01-01 13:07:00,22,18,10,13:07:00
2024-01-01 13:08:00,29,12,44,13:08:00
2024-01-01 13:09:00,34,23,32,13:09:00
2024-01-01 13:10:00,13,12,16,13:10:00
2024-01-01 13:11:00,19,13,5,13:11:00
2024-01-01 13:12:00,12,25,3,13:12:00
2024-01-01 13:13:00,27,45,19,13:13:00
2024-01-01 13:14:00,45,19,47,13:14:00
2024-01-01 13:15:00,31,46,46,13:15:00
2024-01-01 13:16:00,43,36,26,13:16:00
2024-01-01 13:17:00,17,45,14,13:17:00
2024-01-01 13:18:00,49,8,5,13:18:00
2024-01-01 13:19:00,28,29,46,13:19:00
2024-01-01 13:20:00,46,32,13,13:20:00
2024-01-01 13:21:00,15,44,10,13:21:00
2024-01-01 13:22:00,35,18,38,13:22:00
2024-01-01 13:23:00,43,6,8,13:23:00
2024-01-01 13:24:00,15,18,25,13:24:00
2024-01-01 13:25:00,46,19,15,13:25:00
2024-01-01 13:26:00,42,22,4,13:26:00
2024-01-01 13:27:00,31,37,9,13:27:00
2024-01-01 13:28:00,30,32,49,13:28:00
2024-01-01 13:29:00,15,41,2,13:29:00
2024-01-01 13:30:00,15,3,12,13:30:00
2024-01-01 13:31:00,13,28,42,13:31:00
2024-01-01 13:32:00,39,10,48,13:32:00
2024-01-01 13:33:00,20,35,29,13:33:00
2024-01-01 13:34:00,39,29,44,13:34:00
2024-01-01 13:35:00,40,15,5,13:35:00
2024-01-01 13:36:00,33,33,16,13:36:00
2024-01-01 13:37:00,18,7,44,13:37:00
2024-01-01 13:38:00,12,12,18,13:38:00
2024-01-01 13:39:00,40,49,41,13:39:00
2024-01-01 13:40:00,49,30,34,13:40:00
2024-01-01 13:41:00,46,21,45,13:41:00
2024-01-01 13:42:00,45,31,25,13:42:00
2024-01-01 13:43:00,33,24,4,13:43:00
2024-01-01 13:44:00,40,20,28,13:44:00
2024-01-01 13:45:00,15,37,36,13:45:00
2024-01-01 13:46:00,11,4,19,13:46:00
2024-01-01 13:47:00,29,28,48,13:47:00
2024-01-01 13:48:00,37,44,20,13:48:00
2024-01-01 13:49:00,20,20,9,13:49:00
2024-01-01 13:50:00,13,24,4,13:50:00
2024-01-01 13:51:00,24,49,35,13:51:00
2024-01-01 13:52:00,15,32,5,13:52:00
2024-01-01 13:53:00,39,41,25,13:53:00
2024-01-01 13:54:00,47,36,3,13:54:00
2024-01-01 13:55:00,11,34,38,13:55:00
2024-01-01 13:56:00,24,36,38,13:56:00
2024-01-01 13:57:00,20,2,49,13:57:00
2024-01-01 13:58:00,17,15,34,13:58:00
2024-01-01 13:59:00,35,34,0,13:59:00
2024-01-01 14:00:00,14,36,23,14:00:00
2024-01-01 14:01:00,15,6,35,14:01:00
2024-01-01 14:02:00,35,39,5,14:02:00
2024-01-01 14:03:00,13,42,40,14:03:00
2024-01-01 14:04:00,28,12,45,14:04:00
2024-01-01 14:05:00,29,3,43,14:05:00
2024-01-01 14:06:00,42,45,30,14:06:00
2024-01-01 14:07:00,29,18,19,14:07:00
2024-01-01 14:08:00,21,40,23,14:08:00
2024-01-01 14:09:00,10,21,24,14:09:00
2024-01-01 14:10:00,35,15,35,14:10:00
2024-01-01 14:11:00,23,33,20,14:11:00
2024-01-01 14:12:00,47,35,29,14:12:00
2024-01-01 14:13:00,46,26,23,14:13:00
2024-01-01 14:14:00,20,8,43,14:14:00
2024-01-01 14:15:00,45,36,41,14:15:00
2024-01-01 14:16:00,22,48,29,14:16:00
2024-01-01 14:17:00,12,30,21,14:17:00
2024-01-01 14:18:00,42,23,27,14:18:00
2024-01-01 14:19:00,15,42,6,14:19:00
2024-01-01 14:20:00,19,44,34,14:20:00
2024-01-01 14:21:00,14,14,27,14:21:00
2024-01-01 14:22:00,32,14,13,14:22:00
2024-01-01 14:23:00,19,2,9,14:23:00
2024-01-01 14:24:00,11,37,15,14:24:00
2024-01-01 14:25:00,22,5,15,14:25:00
2024-01-01 14:26:00,49,38,30,14:26:00
2024-01-01 14:27:00,11,45,41,14:27:00
2024-01-01 14:28:00,29,41,24,14:28:00
2024-01-01 14:29:00,10,47,12,14:29:00
2024-01-01 14:30:00,46,14,5,14:30:00
2024-01-01 14:31:00,18,39,43,14:31:00
2024-01-01 14:32:00,26,25,8,14:32:00
2024-01-01 14:33:00,18,20,44,14:33:00
2024-01-01 14:34:00,20,2,35,14:34:00
2024-01-01 14:35:00,24,39,42,14:35:00
2024-01-01 14:36:00,33,6,19,14:36:00
2024-01-01 14:37:00,47,17,17,14:37:00
2024-01-01 14:38:00,44,25,42,14:38:00
2024-01-01 14:39:00,39,28,20,14:39:00
2024-01-01 14:40:00,40,2,3,14:40:00
2024-01-01 14:41:00,14,35,49,14:41:00
2024-01-01 14:42:00,23,37,32,14:42:00
2024-01-01 14:43:00,20,5,26,14:43:00
2024-01-01 14:44:00,18,1,6,14:44:00
2024-01-01 14:45:00,43,40,5,14:45:00
2024-01-01 14:46:00,21,12,14,14:46:00
2024-01-01 14:47:00,44,36,17,14:47:00
2024-01-01 14:48:00,44,45,31,14:48:00
2024-01-01 14:49:00,10,23,10,14:49:00
2024-01-01 14:50:00,49,47,19,14:50:00
2024-01-01 14:51:00,31,31,23,14:51:00
2024-01-01 14:52:00,38,11,14,14:52:00
2024-01-01 14:53:00,17,10,47,14:53:00
2024-01-01 14:54:00,20,3,6,14:54:00
2024-01-01 14:55:00,46,14,20,14:55:00
2024-01-01 14:56:00,23,16,41,14:56:00
2024-01-01 14:57:00,39,10,25,14:57:00
2024-01-01 14:58:00,44,29,43,14:58:00
2024-01-01 14:59:00,30,10,13,14:59:00
2024-01-01 15:00:00,46,12,36,15:00:00
2024-01-01 15:01:00,14,30,20,15:01:00
2024-01-01 15:02:00,28,41,17,15:02:00
2024-01-01 15:03:00,23,1,4,15:03:00
2024-01-01 15:04:00,35,5,2,15:04:00
2024-01-01 15:05:00,13,20,22,15:05:00
2024-01-01 15:06:00,34,8,25,15:06:00
2024-01-01 15:07:00,34,43,36,15:07:00
2024-01-01 15:08:00,27,12,23,15:08:00
2024-01-01 15:09:00,49,1,48,15:09:00
2024-01-01 15:10:00,17,20,18,15:10:00
2024-01-01 15:11:00,48,28,24,15:11:00
2024-01-01 15:12:00,49,43,20,15:12:00
2024-01-01 15:13:00,23,37,11,15:13:00
2024-01-01 15:14:00,41,47,40,15:14:00
2024-01-01 15:15:00,47,37,32,15:15:00
2024-01-01 15:16:00,42,12,49,15:16:00
2024-01-01 15:17:00,32,37,3,15:17:00
2024-01-01 15:18:00,24,49,41,15:18:00
2024-01-01 15:19:00,42,49,6,15:19:00
2024-01-01 15:20:00,34,44,21,15:20:00
2024-01-01 15:21:00,26,28,32,15:21:00
2024-01-01 15:22:00,42,47,16,15:22:00
2024-01-01 15:23:00,11,15,23,15:23:00
2024-01-01 15:24:00,23,6,33,15:24:00
2024-01-01 15:25:00,49,44,27,15:25:00
2024-01-01 15:26:00,49,20,42,15:26:00
2024-01-01 15:27:00,48,14,40,15:27:00
2024-01-01 15:28:00,15,2,38,15:28:00
2024-01-01 15:29:00,15,9,21,15:29:00
2024-01-01 15:30:00,12,37,48,15:30:00
2024-01-01 15:31:00,16,20,16,15:31:00
2024-01-01 15:32:00,17,26,33,15:32:00
2024-01-01 15:33:00,24,29,5,15:33:00
2024-01-01 15:34:00,38,1,45,15:34:00
2024-01-01 15:35:00,42,35,5,15:35:00
2024-01-01 15:36:00,39,6,33,15:36:00
2024-01-01 15:37:00,48,37,0,15:37:00
2024-01-01 15:38:00,36,5,9,15:38:00
2024-01-01 15:39:00,45,33,20,15:39:00
2024-01-01 15:40:00,38,49,4,15:40:00
2024-01-01 15:41:00,47,14,1,15:41:00
2024-01-01 15:42:00,42,12,21,15:42:00
2024-01-01 15:43:00,46,42,47,15:43:00
2024-01-01 15:44:00,36,20,1,15:44:00
2024-01-01 15:45:00,42,24,9,15:45:00
2024-01-01 15:46:00,13,43,33,15:46:00
2024-01-01 15:47:00,31,34,15,15:47:00
2024-01-01 15:48:00,11,25,47,15:48:00
2024-01-01 15:49:00,19,29,38,15:49:00
2024-01-01 15:50:00,14,39,21,15:50:00
2024-01-01 15:51:00,19,31,11,15:51:00
2024-01-01 15:52:00,42,47,23,15:52:00
2024-01-01 15:53:00,47,43,46,15:53:00
2024-01-01 15:54:00,22,23,39,15:54:00
2024-01-01 15:55:00,40,44,37,15:55:00
2024-01-01 15:56:00,45,38,9,15:56:00
2024-01-01 15:57:00,33,20,34,15:57:00
2024-01-01 15:58:00,24,23,48,15:58:00
2024-01-01 15:59:00,38,45,31,15:59:00
2024-01-01 16:00:00,17,16,6,16:00:00
2024-01-01 16:01:00,14,42,20,16:01:00
2024-01-01 16:02:00,38,8,19,16:02:00
2024-01-01 16:03:00,13,21,25,16:03:00
2024-01-01 16:04:00,21,1,3,16:04:00
2024-01-01 16:05:00,11,8,45,16:05:00
2024-01-01 16:06:00,36,29,21,16:06:00
2024-01-01 16:07:00,40,32,14,16:07:00
2024-01-01 16:08:00,45,38,39,16:08:00
2024-01-01 16:09:00,45,5,20,16:09:00
2024-01-01 16:10:00,35,47,14,16:10:00
2024-01-01 16:11:00,36,22,21,16:11:00
2024-01-01 16:12:00,14,47,27,16:12:00
2024-01-01 16:13:00,29,34,13,16:13:00
2024-01-01 16:14:00,20,1,26,16:14:00
2024-01-01 16:15:00,19,26,40,16:15:00
2024-01-01 16:16:00,49,43,39,16:16:00
2024-01-01 16:17:00,47,10,27,16:17:00
2024-01-01 16:18:00,15,30,25,16:18:00
2024-01-01 16:19:00,17,18,48,16:19:00
2024-01-01 16:20:00,32,17,1,16:20:00
2024-01-01 16:21:00,35,26,24,16:21:00
2024-01-01 16:22:00,21,8,2,16:22:00
2024-01-01 16:23:00,35,47,7,16:23:00
2024-01-01 16:24:00,22,40,43,16:24:00
2024-01-01 16:25:00,49,49,32,16:25:00
2024-01-01 16:26:00,27,12,41,16:26:00
2024-01-01 16:27:00,34,27,34,16:27:00
2024-01-01 16:28:00,42,8,5,16:28:00
2024-01-01 16:29:00,49,25,38,16:29:00
2024-01-01 16:30:00,21,46,22,16:30:00
2024-01-01 16:31:00,45,4,24,16:31:00
2024-01-01 16:32:00,13,33,49,16:32:00
2024-01-01 16:33:00,14,1,42,16:33:00
2024-01-01 16:34:00,46,19,18,16:34:00
2024-01-01 16:35:00,17,31,4,16:35:00
2024-01-01 16:36:00,37,16,10,16:36:00
2024-01-01 16:37:00,40,14,11,16:37:00
2024-01-01 16:38:00,18,48,9,16:38:00
2024-01-01 16:39:00,38,5,7,16:39:00
